{
  "accuracy": 0.425,
  "macro_f1": 0.4188818826902894,
  "weighted_f1": 0.41569698871074784,
  "per_class": {
    "airplane": {
      "precision": 0.49748743718592964,
      "recall": 0.5657142857142857,
      "f1_score": 0.5294117647058824,
      "support": 175
    },
    "automobile": {
      "precision": 0.5076923076923077,
      "recall": 0.5076923076923077,
      "f1_score": 0.5076923076923077,
      "support": 195
    },
    "bird": {
      "precision": 0.3586206896551724,
      "recall": 0.25365853658536586,
      "f1_score": 0.29714285714285715,
      "support": 205
    },
    "cat": {
      "precision": 0.3488372093023256,
      "recall": 0.20179372197309417,
      "f1_score": 0.2556818181818182,
      "support": 223
    },
    "deer": {
      "precision": 0.3719806763285024,
      "recall": 0.39487179487179486,
      "f1_score": 0.38308457711442784,
      "support": 195
    },
    "dog": {
      "precision": 0.328042328042328,
      "recall": 0.31794871794871793,
      "f1_score": 0.3229166666666667,
      "support": 195
    },
    "frog": {
      "precision": 0.4084507042253521,
      "recall": 0.6203208556149733,
      "f1_score": 0.49256900212314225,
      "support": 187
    },
    "horse": {
      "precision": 0.44508670520231214,
      "recall": 0.3737864077669903,
      "f1_score": 0.40633245382585753,
      "support": 206
    },
    "ship": {
      "precision": 0.5021459227467812,
      "recall": 0.5545023696682464,
      "f1_score": 0.527027027027027,
      "support": 211
    },
    "truck": {
      "precision": 0.43089430894308944,
      "recall": 0.5096153846153846,
      "f1_score": 0.4669603524229075,
      "support": 208
    }
  }
}