{
  "accuracy": 0.427,
  "macro_f1": 0.420739423225701,
  "weighted_f1": 0.41733772904059707,
  "per_class": {
    "airplane": {
      "precision": 0.4950980392156863,
      "recall": 0.5771428571428572,
      "f1_score": 0.5329815303430079,
      "support": 175
    },
    "automobile": {
      "precision": 0.5073891625615764,
      "recall": 0.5282051282051282,
      "f1_score": 0.5175879396984925,
      "support": 195
    },
    "bird": {
      "precision": 0.3669064748201439,
      "recall": 0.24878048780487805,
      "f1_score": 0.29651162790697677,
      "support": 205
    },
    "cat": {
      "precision": 0.3178294573643411,
      "recall": 0.18385650224215247,
      "f1_score": 0.23295454545454544,
      "support": 223
    },
    "deer": {
      "precision": 0.35348837209302325,
      "recall": 0.38974358974358975,
      "f1_score": 0.37073170731707317,
      "support": 195
    },
    "dog": {
      "precision": 0.3402061855670103,
      "recall": 0.3384615384615385,
      "f1_score": 0.3393316195372751,
      "support": 195
    },
    "frog": {
      "precision": 0.4124087591240876,
      "recall": 0.6042780748663101,
      "f1_score": 0.49023861171366595,
      "support": 187
    },
    "horse": {
      "precision": 0.47305389221556887,
      "recall": 0.38349514563106796,
      "f1_score": 0.42359249329758714,
      "support": 206
    },
    "ship": {
      "precision": 0.519650655021834,
      "recall": 0.5639810426540285,
      "f1_score": 0.5409090909090909,
      "support": 211
    },
    "truck": {
      "precision": 0.4268292682926829,
      "recall": 0.5048076923076923,
      "f1_score": 0.46255506607929514,
      "support": 208
    }
  }
}