{
  "accuracy": 0.4245,
  "macro_f1": 0.4191870659150377,
  "weighted_f1": 0.4157513959057203,
  "per_class": {
    "airplane": {
      "precision": 0.47596153846153844,
      "recall": 0.5657142857142857,
      "f1_score": 0.5169712793733682,
      "support": 175
    },
    "automobile": {
      "precision": 0.5,
      "recall": 0.5384615384615384,
      "f1_score": 0.5185185185185185,
      "support": 195
    },
    "bird": {
      "precision": 0.32098765432098764,
      "recall": 0.25365853658536586,
      "f1_score": 0.28337874659400547,
      "support": 205
    },
    "cat": {
      "precision": 0.3014705882352941,
      "recall": 0.18385650224215247,
      "f1_score": 0.22841225626740946,
      "support": 223
    },
    "deer": {
      "precision": 0.3696682464454976,
      "recall": 0.4,
      "f1_score": 0.3842364532019704,
      "support": 195
    },
    "dog": {
      "precision": 0.359375,
      "recall": 0.35384615384615387,
      "f1_score": 0.35658914728682173,
      "support": 195
    },
    "frog": {
      "precision": 0.4280155642023346,
      "recall": 0.5882352941176471,
      "f1_score": 0.4954954954954955,
      "support": 187
    },
    "horse": {
      "precision": 0.43023255813953487,
      "recall": 0.3592233009708738,
      "f1_score": 0.3915343915343915,
      "support": 206
    },
    "ship": {
      "precision": 0.5420560747663551,
      "recall": 0.5497630331753555,
      "f1_score": 0.5458823529411765,
      "support": 211
    },
    "truck": {
      "precision": 0.4411764705882353,
      "recall": 0.5048076923076923,
      "f1_score": 0.47085201793721976,
      "support": 208
    }
  }
}