{
  "accuracy": 0.4235,
  "macro_f1": 0.417806889661622,
  "weighted_f1": 0.4141963742328305,
  "per_class": {
    "airplane": {
      "precision": 0.5098039215686274,
      "recall": 0.5942857142857143,
      "f1_score": 0.5488126649076517,
      "support": 175
    },
    "automobile": {
      "precision": 0.4876847290640394,
      "recall": 0.5076923076923077,
      "f1_score": 0.49748743718592964,
      "support": 195
    },
    "bird": {
      "precision": 0.3202614379084967,
      "recall": 0.23902439024390243,
      "f1_score": 0.2737430167597765,
      "support": 205
    },
    "cat": {
      "precision": 0.3055555555555556,
      "recall": 0.19730941704035873,
      "f1_score": 0.23978201634877383,
      "support": 223
    },
    "deer": {
      "precision": 0.34101382488479265,
      "recall": 0.37948717948717947,
      "f1_score": 0.3592233009708738,
      "support": 195
    },
    "dog": {
      "precision": 0.33879781420765026,
      "recall": 0.31794871794871793,
      "f1_score": 0.328042328042328,
      "support": 195
    },
    "frog": {
      "precision": 0.43014705882352944,
      "recall": 0.6256684491978609,
      "f1_score": 0.5098039215686274,
      "support": 187
    },
    "horse": {
      "precision": 0.47770700636942676,
      "recall": 0.3640776699029126,
      "f1_score": 0.4132231404958678,
      "support": 206
    },
    "ship": {
      "precision": 0.5244444444444445,
      "recall": 0.5592417061611374,
      "f1_score": 0.5412844036697247,
      "support": 211
    },
    "truck": {
      "precision": 0.43388429752066116,
      "recall": 0.5048076923076923,
      "f1_score": 0.4666666666666667,
      "support": 208
    }
  }
}