{
  "accuracy": 0.15,
  "macro_f1": 0.14909655024777452,
  "weighted_f1": 0.14916081409769588,
  "per_class": {
    "airplane": {
      "precision": 0.17391304347826086,
      "recall": 0.2057142857142857,
      "f1_score": 0.18848167539267016,
      "support": 175
    },
    "automobile": {
      "precision": 0.11956521739130435,
      "recall": 0.11282051282051282,
      "f1_score": 0.11609498680738786,
      "support": 195
    },
    "bird": {
      "precision": 0.14427860696517414,
      "recall": 0.14146341463414633,
      "f1_score": 0.14285714285714285,
      "support": 205
    },
    "cat": {
      "precision": 0.1518324607329843,
      "recall": 0.13004484304932734,
      "f1_score": 0.14009661835748793,
      "support": 223
    },
    "deer": {
      "precision": 0.14772727272727273,
      "recall": 0.13333333333333333,
      "f1_score": 0.14016172506738545,
      "support": 195
    },
    "dog": {
      "precision": 0.10891089108910891,
      "recall": 0.11282051282051282,
      "f1_score": 0.11083123425692695,
      "support": 195
    },
    "frog": {
      "precision": 0.13106796116504854,
      "recall": 0.1443850267379679,
      "f1_score": 0.13740458015267176,
      "support": 187
    },
    "horse": {
      "precision": 0.09844559585492228,
      "recall": 0.09223300970873786,
      "f1_score": 0.09523809523809523,
      "support": 206
    },
    "ship": {
      "precision": 0.1896551724137931,
      "recall": 0.20853080568720378,
      "f1_score": 0.1986455981941309,
      "support": 211
    },
    "truck": {
      "precision": 0.22115384615384615,
      "recall": 0.22115384615384615,
      "f1_score": 0.22115384615384615,
      "support": 208
    }
  }
}