{
  "accuracy": 0.3825,
  "macro_f1": 0.3774612143227728,
  "weighted_f1": 0.37473229594756835,
  "per_class": {
    "airplane": {
      "precision": 0.46,
      "recall": 0.5257142857142857,
      "f1_score": 0.49066666666666664,
      "support": 175
    },
    "automobile": {
      "precision": 0.42290748898678415,
      "recall": 0.49230769230769234,
      "f1_score": 0.4549763033175355,
      "support": 195
    },
    "bird": {
      "precision": 0.2982456140350877,
      "recall": 0.24878048780487805,
      "f1_score": 0.2712765957446808,
      "support": 205
    },
    "cat": {
      "precision": 0.3262411347517731,
      "recall": 0.2062780269058296,
      "f1_score": 0.25274725274725274,
      "support": 223
    },
    "deer": {
      "precision": 0.37349397590361444,
      "recall": 0.31794871794871793,
      "f1_score": 0.34349030470914127,
      "support": 195
    },
    "dog": {
      "precision": 0.271356783919598,
      "recall": 0.27692307692307694,
      "f1_score": 0.27411167512690354,
      "support": 195
    },
    "frog": {
      "precision": 0.38492063492063494,
      "recall": 0.5187165775401069,
      "f1_score": 0.4419134396355353,
      "support": 187
    },
    "horse": {
      "precision": 0.38414634146341464,
      "recall": 0.3058252427184466,
      "f1_score": 0.34054054054054056,
      "support": 206
    },
    "ship": {
      "precision": 0.4453125,
      "recall": 0.5402843601895735,
      "f1_score": 0.48822269807280516,
      "support": 211
    },
    "truck": {
      "precision": 0.4017857142857143,
      "recall": 0.4326923076923077,
      "f1_score": 0.4166666666666667,
      "support": 208
    }
  }
}