{
  "accuracy": 0.424,
  "macro_f1": 0.41769214999188325,
  "weighted_f1": 0.41436740714708675,
  "per_class": {
    "airplane": {
      "precision": 0.4873096446700508,
      "recall": 0.5485714285714286,
      "f1_score": 0.5161290322580645,
      "support": 175
    },
    "automobile": {
      "precision": 0.5073170731707317,
      "recall": 0.5333333333333333,
      "f1_score": 0.52,
      "support": 195
    },
    "bird": {
      "precision": 0.375,
      "recall": 0.2780487804878049,
      "f1_score": 0.31932773109243695,
      "support": 205
    },
    "cat": {
      "precision": 0.2932330827067669,
      "recall": 0.17488789237668162,
      "f1_score": 0.21910112359550563,
      "support": 223
    },
    "deer": {
      "precision": 0.37185929648241206,
      "recall": 0.37948717948717947,
      "f1_score": 0.3756345177664975,
      "support": 195
    },
    "dog": {
      "precision": 0.3225806451612903,
      "recall": 0.3076923076923077,
      "f1_score": 0.31496062992125984,
      "support": 195
    },
    "frog": {
      "precision": 0.4216417910447761,
      "recall": 0.6042780748663101,
      "f1_score": 0.4967032967032967,
      "support": 187
    },
    "horse": {
      "precision": 0.4438202247191011,
      "recall": 0.38349514563106796,
      "f1_score": 0.4114583333333333,
      "support": 206
    },
    "ship": {
      "precision": 0.5126050420168067,
      "recall": 0.5781990521327014,
      "f1_score": 0.5434298440979956,
      "support": 211
    },
    "truck": {
      "precision": 0.4262295081967213,
      "recall": 0.5,
      "f1_score": 0.46017699115044247,
      "support": 208
    }
  }
}