{
  "accuracy": 0.2625,
  "macro_f1": 0.2601131631807898,
  "weighted_f1": 0.25809024631454475,
  "per_class": {
    "airplane": {
      "precision": 0.375,
      "recall": 0.44571428571428573,
      "f1_score": 0.4073107049608355,
      "support": 175
    },
    "automobile": {
      "precision": 0.20812182741116753,
      "recall": 0.21025641025641026,
      "f1_score": 0.20918367346938777,
      "support": 195
    },
    "bird": {
      "precision": 0.19161676646706588,
      "recall": 0.15609756097560976,
      "f1_score": 0.17204301075268819,
      "support": 205
    },
    "cat": {
      "precision": 0.21084337349397592,
      "recall": 0.15695067264573992,
      "f1_score": 0.17994858611825193,
      "support": 223
    },
    "deer": {
      "precision": 0.1977401129943503,
      "recall": 0.1794871794871795,
      "f1_score": 0.1881720430107527,
      "support": 195
    },
    "dog": {
      "precision": 0.21428571428571427,
      "recall": 0.2153846153846154,
      "f1_score": 0.21483375959079284,
      "support": 195
    },
    "frog": {
      "precision": 0.2830188679245283,
      "recall": 0.32085561497326204,
      "f1_score": 0.3007518796992481,
      "support": 187
    },
    "horse": {
      "precision": 0.22897196261682243,
      "recall": 0.23786407766990292,
      "f1_score": 0.23333333333333334,
      "support": 206
    },
    "ship": {
      "precision": 0.3744292237442922,
      "recall": 0.3886255924170616,
      "f1_score": 0.3813953488372093,
      "support": 211
    },
    "truck": {
      "precision": 0.29098360655737704,
      "recall": 0.34134615384615385,
      "f1_score": 0.3141592920353982,
      "support": 208
    }
  }
}