{
  "accuracy": 0.1215,
  "macro_f1": 0.12171976125647947,
  "weighted_f1": 0.12117685123939273,
  "per_class": {
    "airplane": {
      "precision": 0.1691542288557214,
      "recall": 0.19428571428571428,
      "f1_score": 0.18085106382978725,
      "support": 175
    },
    "automobile": {
      "precision": 0.08837209302325581,
      "recall": 0.09743589743589744,
      "f1_score": 0.09268292682926829,
      "support": 195
    },
    "bird": {
      "precision": 0.10648148148148148,
      "recall": 0.11219512195121951,
      "f1_score": 0.10926365795724466,
      "support": 205
    },
    "cat": {
      "precision": 0.13089005235602094,
      "recall": 0.11210762331838565,
      "f1_score": 0.12077294685990338,
      "support": 223
    },
    "deer": {
      "precision": 0.1301775147928994,
      "recall": 0.11282051282051282,
      "f1_score": 0.12087912087912088,
      "support": 195
    },
    "dog": {
      "precision": 0.10344827586206896,
      "recall": 0.09230769230769231,
      "f1_score": 0.0975609756097561,
      "support": 195
    },
    "frog": {
      "precision": 0.11162790697674418,
      "recall": 0.12834224598930483,
      "f1_score": 0.11940298507462686,
      "support": 187
    },
    "horse": {
      "precision": 0.11210762331838565,
      "recall": 0.12135922330097088,
      "f1_score": 0.11655011655011654,
      "support": 206
    },
    "ship": {
      "precision": 0.15048543689320387,
      "recall": 0.14691943127962084,
      "f1_score": 0.1486810551558753,
      "support": 211
    },
    "truck": {
      "precision": 0.11578947368421053,
      "recall": 0.10576923076923077,
      "f1_score": 0.11055276381909548,
      "support": 208
    }
  }
}