{
  "accuracy": 0.4265,
  "macro_f1": 0.4205355203108783,
  "weighted_f1": 0.41776352147148327,
  "per_class": {
    "airplane": {
      "precision": 0.4898989898989899,
      "recall": 0.5542857142857143,
      "f1_score": 0.5201072386058981,
      "support": 175
    },
    "automobile": {
      "precision": 0.44485294117647056,
      "recall": 0.6205128205128205,
      "f1_score": 0.5182012847965739,
      "support": 195
    },
    "bird": {
      "precision": 0.3333333333333333,
      "recall": 0.3024390243902439,
      "f1_score": 0.3171355498721228,
      "support": 205
    },
    "cat": {
      "precision": 0.31952662721893493,
      "recall": 0.242152466367713,
      "f1_score": 0.2755102040816326,
      "support": 223
    },
    "deer": {
      "precision": 0.3669064748201439,
      "recall": 0.26153846153846155,
      "f1_score": 0.30538922155688625,
      "support": 195
    },
    "dog": {
      "precision": 0.2961165048543689,
      "recall": 0.3128205128205128,
      "f1_score": 0.30423940149625933,
      "support": 195
    },
    "frog": {
      "precision": 0.4722222222222222,
      "recall": 0.6363636363636364,
      "f1_score": 0.5421412300683371,
      "support": 187
    },
    "horse": {
      "precision": 0.46368715083798884,
      "recall": 0.4029126213592233,
      "f1_score": 0.43116883116883115,
      "support": 206
    },
    "ship": {
      "precision": 0.5458515283842795,
      "recall": 0.5924170616113744,
      "f1_score": 0.5681818181818182,
      "support": 211
    },
    "truck": {
      "precision": 0.47058823529411764,
      "recall": 0.38461538461538464,
      "f1_score": 0.42328042328042326,
      "support": 208
    }
  }
}