{
  "accuracy": 0.4235,
  "macro_f1": 0.41843017247060166,
  "weighted_f1": 0.4179093144565081,
  "per_class": {
    "airplane": {
      "precision": 0.39776951672862454,
      "recall": 0.6114285714285714,
      "f1_score": 0.481981981981982,
      "support": 175
    },
    "automobile": {
      "precision": 0.5084745762711864,
      "recall": 0.46153846153846156,
      "f1_score": 0.4838709677419355,
      "support": 195
    },
    "bird": {
      "precision": 0.3089887640449438,
      "recall": 0.2682926829268293,
      "f1_score": 0.28720626631853785,
      "support": 205
    },
    "cat": {
      "precision": 0.32075471698113206,
      "recall": 0.45739910313901344,
      "f1_score": 0.37707948243992606,
      "support": 223
    },
    "deer": {
      "precision": 0.3672316384180791,
      "recall": 0.3333333333333333,
      "f1_score": 0.34946236559139787,
      "support": 195
    },
    "dog": {
      "precision": 0.30392156862745096,
      "recall": 0.15897435897435896,
      "f1_score": 0.20875420875420875,
      "support": 195
    },
    "frog": {
      "precision": 0.4666666666666667,
      "recall": 0.5614973262032086,
      "f1_score": 0.5097087378640777,
      "support": 187
    },
    "horse": {
      "precision": 0.4550561797752809,
      "recall": 0.3932038834951456,
      "f1_score": 0.421875,
      "support": 206
    },
    "ship": {
      "precision": 0.6331360946745562,
      "recall": 0.5071090047393365,
      "f1_score": 0.5631578947368421,
      "support": 211
    },
    "truck": {
      "precision": 0.5024154589371981,
      "recall": 0.5,
      "f1_score": 0.5012048192771085,
      "support": 208
    }
  }
}