{
  "accuracy": 0.422,
  "macro_f1": 0.42290840496803767,
  "weighted_f1": 0.4213116681757976,
  "per_class": {
    "airplane": {
      "precision": 0.48044692737430167,
      "recall": 0.49142857142857144,
      "f1_score": 0.4858757062146893,
      "support": 175
    },
    "automobile": {
      "precision": 0.5245098039215687,
      "recall": 0.5487179487179488,
      "f1_score": 0.5363408521303258,
      "support": 195
    },
    "bird": {
      "precision": 0.30454545454545456,
      "recall": 0.32682926829268294,
      "f1_score": 0.31529411764705884,
      "support": 205
    },
    "cat": {
      "precision": 0.3053097345132743,
      "recall": 0.3094170403587444,
      "f1_score": 0.30734966592427615,
      "support": 223
    },
    "deer": {
      "precision": 0.3548387096774194,
      "recall": 0.3384615384615385,
      "f1_score": 0.3464566929133858,
      "support": 195
    },
    "dog": {
      "precision": 0.3076923076923077,
      "recall": 0.36923076923076925,
      "f1_score": 0.3356643356643357,
      "support": 195
    },
    "frog": {
      "precision": 0.4878048780487805,
      "recall": 0.42780748663101603,
      "f1_score": 0.45584045584045585,
      "support": 187
    },
    "horse": {
      "precision": 0.5279503105590062,
      "recall": 0.41262135922330095,
      "f1_score": 0.46321525885558584,
      "support": 206
    },
    "ship": {
      "precision": 0.49635036496350365,
      "recall": 0.6445497630331753,
      "f1_score": 0.5608247422680412,
      "support": 211
    },
    "truck": {
      "precision": 0.5,
      "recall": 0.36538461538461536,
      "f1_score": 0.4222222222222222,
      "support": 208
    }
  }
}