{
  "accuracy": 0.436,
  "macro_f1": 0.43653117300849564,
  "weighted_f1": 0.4348256456846954,
  "per_class": {
    "airplane": {
      "precision": 0.49732620320855614,
      "recall": 0.5314285714285715,
      "f1_score": 0.5138121546961326,
      "support": 175
    },
    "automobile": {
      "precision": 0.5470588235294118,
      "recall": 0.47692307692307695,
      "f1_score": 0.5095890410958904,
      "support": 195
    },
    "bird": {
      "precision": 0.34502923976608185,
      "recall": 0.28780487804878047,
      "f1_score": 0.31382978723404253,
      "support": 205
    },
    "cat": {
      "precision": 0.34334763948497854,
      "recall": 0.35874439461883406,
      "f1_score": 0.3508771929824561,
      "support": 223
    },
    "deer": {
      "precision": 0.35714285714285715,
      "recall": 0.358974358974359,
      "f1_score": 0.35805626598465473,
      "support": 195
    },
    "dog": {
      "precision": 0.3263157894736842,
      "recall": 0.31794871794871793,
      "f1_score": 0.3220779220779221,
      "support": 195
    },
    "frog": {
      "precision": 0.49295774647887325,
      "recall": 0.5614973262032086,
      "f1_score": 0.525,
      "support": 187
    },
    "horse": {
      "precision": 0.47058823529411764,
      "recall": 0.46601941747572817,
      "f1_score": 0.4682926829268293,
      "support": 206
    },
    "ship": {
      "precision": 0.5789473684210527,
      "recall": 0.5734597156398105,
      "f1_score": 0.5761904761904761,
      "support": 211
    },
    "truck": {
      "precision": 0.40969162995594716,
      "recall": 0.44711538461538464,
      "f1_score": 0.42758620689655175,
      "support": 208
    }
  }
}