{
  "accuracy": 0.3615,
  "macro_f1": 0.3602574053259694,
  "weighted_f1": 0.35775559746921143,
  "per_class": {
    "airplane": {
      "precision": 0.4607329842931937,
      "recall": 0.5028571428571429,
      "f1_score": 0.4808743169398907,
      "support": 175
    },
    "automobile": {
      "precision": 0.37668161434977576,
      "recall": 0.4307692307692308,
      "f1_score": 0.4019138755980861,
      "support": 195
    },
    "bird": {
      "precision": 0.3253012048192771,
      "recall": 0.2634146341463415,
      "f1_score": 0.29110512129380056,
      "support": 205
    },
    "cat": {
      "precision": 0.24705882352941178,
      "recall": 0.18834080717488788,
      "f1_score": 0.21374045801526717,
      "support": 223
    },
    "deer": {
      "precision": 0.3435114503816794,
      "recall": 0.23076923076923078,
      "f1_score": 0.27607361963190186,
      "support": 195
    },
    "dog": {
      "precision": 0.2672413793103448,
      "recall": 0.31794871794871793,
      "f1_score": 0.2903981264637002,
      "support": 195
    },
    "frog": {
      "precision": 0.32247557003257327,
      "recall": 0.5294117647058824,
      "f1_score": 0.4008097165991903,
      "support": 187
    },
    "horse": {
      "precision": 0.39593908629441626,
      "recall": 0.3786407766990291,
      "f1_score": 0.3870967741935484,
      "support": 206
    },
    "ship": {
      "precision": 0.562874251497006,
      "recall": 0.44549763033175355,
      "f1_score": 0.4973544973544973,
      "support": 211
    },
    "truck": {
      "precision": 0.35648148148148145,
      "recall": 0.3701923076923077,
      "f1_score": 0.3632075471698113,
      "support": 208
    }
  }
}