{
  "accuracy": 0.1525,
  "macro_f1": 0.10208161071729135,
  "weighted_f1": 0.09826662643496437,
  "per_class": {
    "airplane": {
      "precision": 0.2610619469026549,
      "recall": 0.33714285714285713,
      "f1_score": 0.2942643391521197,
      "support": 175
    },
    "automobile": {
      "precision": 0.0,
      "recall": 0.0,
      "f1_score": 0.0,
      "support": 195
    },
    "bird": {
      "precision": 0.0,
      "recall": 0.0,
      "f1_score": 0.0,
      "support": 205
    },
    "cat": {
      "precision": 0.0,
      "recall": 0.0,
      "f1_score": 0.0,
      "support": 223
    },
    "deer": {
      "precision": 0.0,
      "recall": 0.0,
      "f1_score": 0.0,
      "support": 195
    },
    "dog": {
      "precision": 0.12041884816753927,
      "recall": 0.11794871794871795,
      "f1_score": 0.11917098445595854,
      "support": 195
    },
    "frog": {
      "precision": 0.15284552845528454,
      "recall": 0.5026737967914439,
      "f1_score": 0.2344139650872818,
      "support": 187
    },
    "horse": {
      "precision": 0.10408163265306122,
      "recall": 0.24757281553398058,
      "f1_score": 0.14655172413793102,
      "support": 206
    },
    "ship": {
      "precision": 0.16317991631799164,
      "recall": 0.3696682464454976,
      "f1_score": 0.22641509433962265,
      "support": 211
    },
    "truck": {
      "precision": 0.0,
      "recall": 0.0,
      "f1_score": 0.0,
      "support": 208
    }
  }
}