{
  "accuracy": 0.4375,
  "macro_f1": 0.43732190622747275,
  "weighted_f1": 0.43618169769592,
  "per_class": {
    "airplane": {
      "precision": 0.4577777777777778,
      "recall": 0.5885714285714285,
      "f1_score": 0.515,
      "support": 175
    },
    "automobile": {
      "precision": 0.5276073619631901,
      "recall": 0.441025641025641,
      "f1_score": 0.48044692737430167,
      "support": 195
    },
    "bird": {
      "precision": 0.3630573248407643,
      "recall": 0.2780487804878049,
      "f1_score": 0.3149171270718232,
      "support": 205
    },
    "cat": {
      "precision": 0.3346456692913386,
      "recall": 0.3811659192825112,
      "f1_score": 0.35639412997903563,
      "support": 223
    },
    "deer": {
      "precision": 0.3612565445026178,
      "recall": 0.35384615384615387,
      "f1_score": 0.35751295336787564,
      "support": 195
    },
    "dog": {
      "precision": 0.31313131313131315,
      "recall": 0.31794871794871793,
      "f1_score": 0.3155216284987277,
      "support": 195
    },
    "frog": {
      "precision": 0.47368421052631576,
      "recall": 0.5294117647058824,
      "f1_score": 0.5,
      "support": 187
    },
    "horse": {
      "precision": 0.46411483253588515,
      "recall": 0.470873786407767,
      "f1_score": 0.4674698795180723,
      "support": 206
    },
    "ship": {
      "precision": 0.599009900990099,
      "recall": 0.5734597156398105,
      "f1_score": 0.585956416464891,
      "support": 211
    },
    "truck": {
      "precision": 0.5,
      "recall": 0.46153846153846156,
      "f1_score": 0.48,
      "support": 208
    }
  }
}