{
  "accuracy": 0.1935,
  "macro_f1": 0.16254715228790886,
  "weighted_f1": 0.16002029964977094,
  "per_class": {
    "airplane": {
      "precision": 0.24100719424460432,
      "recall": 0.38285714285714284,
      "f1_score": 0.2958057395143488,
      "support": 175
    },
    "automobile": {
      "precision": 0.15503875968992248,
      "recall": 0.10256410256410256,
      "f1_score": 0.12345679012345678,
      "support": 195
    },
    "bird": {
      "precision": 0.20967741935483872,
      "recall": 0.06341463414634146,
      "f1_score": 0.09737827715355805,
      "support": 205
    },
    "cat": {
      "precision": 0.1111111111111111,
      "recall": 0.004484304932735426,
      "f1_score": 0.008620689655172414,
      "support": 223
    },
    "deer": {
      "precision": 0.0,
      "recall": 0.0,
      "f1_score": 0.0,
      "support": 195
    },
    "dog": {
      "precision": 0.13577586206896552,
      "recall": 0.3230769230769231,
      "f1_score": 0.19119878603945373,
      "support": 195
    },
    "frog": {
      "precision": 0.18620689655172415,
      "recall": 0.2887700534759358,
      "f1_score": 0.22641509433962265,
      "support": 187
    },
    "horse": {
      "precision": 0.11724137931034483,
      "recall": 0.0825242718446602,
      "f1_score": 0.09686609686609686,
      "support": 206
    },
    "ship": {
      "precision": 0.2804878048780488,
      "recall": 0.32701421800947866,
      "f1_score": 0.30196936542669583,
      "support": 211
    },
    "truck": {
      "precision": 0.22015915119363394,
      "recall": 0.39903846153846156,
      "f1_score": 0.28376068376068375,
      "support": 208
    }
  }
}