{
  "accuracy": 0.2635,
  "macro_f1": 0.24132931135337898,
  "weighted_f1": 0.2387481299233719,
  "per_class": {
    "airplane": {
      "precision": 0.3557692307692308,
      "recall": 0.4228571428571429,
      "f1_score": 0.38642297650130547,
      "support": 175
    },
    "automobile": {
      "precision": 0.23076923076923078,
      "recall": 0.07692307692307693,
      "f1_score": 0.11538461538461539,
      "support": 195
    },
    "bird": {
      "precision": 0.27380952380952384,
      "recall": 0.11219512195121951,
      "f1_score": 0.15916955017301038,
      "support": 205
    },
    "cat": {
      "precision": 0.18269230769230768,
      "recall": 0.08520179372197309,
      "f1_score": 0.1162079510703364,
      "support": 223
    },
    "deer": {
      "precision": 0.2422680412371134,
      "recall": 0.24102564102564103,
      "f1_score": 0.2416452442159383,
      "support": 195
    },
    "dog": {
      "precision": 0.19607843137254902,
      "recall": 0.20512820512820512,
      "f1_score": 0.20050125313283207,
      "support": 195
    },
    "frog": {
      "precision": 0.23273657289002558,
      "recall": 0.48663101604278075,
      "f1_score": 0.314878892733564,
      "support": 187
    },
    "horse": {
      "precision": 0.21359223300970873,
      "recall": 0.10679611650485436,
      "f1_score": 0.1423948220064725,
      "support": 206
    },
    "ship": {
      "precision": 0.32786885245901637,
      "recall": 0.47393364928909953,
      "f1_score": 0.3875968992248062,
      "support": 211
    },
    "truck": {
      "precision": 0.2807017543859649,
      "recall": 0.46153846153846156,
      "f1_score": 0.3490909090909091,
      "support": 208
    }
  }
}